cell,class,count,n,expected_n,proportion,wilson95_low,wilson95_high
A,T1,185,200,200,0.925,0.8799563897637055,0.954025082815618
A,T0,0,200,200,0.0,1.734723475976807e-18,0.018845326377266575
A,HE,10,200,200,0.05,0.02738264560076393,0.08957814813877599
A,AR,3,200,200,0.015,0.00511423779325831,0.04316572879269026
A,MX,0,200,200,0.0,1.734723475976807e-18,0.018845326377266575
A,OT,2,200,200,0.01,0.0027466581335444384,0.0357217617161768
A,V0,0,200,200,0.0,1.734723475976807e-18,0.018845326377266575
A,V1,0,200,200,0.0,1.734723475976807e-18,0.018845326377266575
A,NV,0,200,200,0.0,1.734723475976807e-18,0.018845326377266575
A,REFUSAL,0,200,200,0.0,1.734723475976807e-18,0.018845326377266575
A,SAFETY,0,200,200,0.0,1.734723475976807e-18,0.018845326377266575
A,TOOL,0,200,200,0.0,1.734723475976807e-18,0.018845326377266575
A,ERROR,0,200,200,0.0,1.734723475976807e-18,0.018845326377266575
B,T1,0,200,200,0.0,1.734723475976807e-18,0.018845326377266575
B,T0,0,200,200,0.0,1.734723475976807e-18,0.018845326377266575
B,HE,0,200,200,0.0,1.734723475976807e-18,0.018845326377266575
B,AR,0,200,200,0.0,1.734723475976807e-18,0.018845326377266575
B,MX,0,200,200,0.0,1.734723475976807e-18,0.018845326377266575
B,OT,0,200,200,0.0,1.734723475976807e-18,0.018845326377266575
B,V0,200,200,200,1.0,0.9811546736227335,1.0
B,V1,0,200,200,0.0,1.734723475976807e-18,0.018845326377266575
B,NV,0,200,200,0.0,1.734723475976807e-18,0.018845326377266575
B,REFUSAL,0,200,200,0.0,1.734723475976807e-18,0.018845326377266575
B,SAFETY,0,200,200,0.0,1.734723475976807e-18,0.018845326377266575
B,TOOL,0,200,200,0.0,1.734723475976807e-18,0.018845326377266575
B,ERROR,0,200,200,0.0,1.734723475976807e-18,0.018845326377266575
C,T1,0,200,200,0.0,1.734723475976807e-18,0.018845326377266575
C,T0,0,200,200,0.0,1.734723475976807e-18,0.018845326377266575
C,HE,1,200,200,0.005,0.0008831687156009814,0.02777370439789293
C,AR,150,200,200,0.75,0.6856590168795417,0.8049183199318249
C,MX,1,200,200,0.005,0.0008831687156009814,0.02777370439789293
C,OT,48,200,200,0.24,0.1860661599241369,0.30373340979204166
C,V0,0,200,200,0.0,1.734723475976807e-18,0.018845326377266575
C,V1,0,200,200,0.0,1.734723475976807e-18,0.018845326377266575
C,NV,0,200,200,0.0,1.734723475976807e-18,0.018845326377266575
C,REFUSAL,0,200,200,0.0,1.734723475976807e-18,0.018845326377266575
C,SAFETY,0,200,200,0.0,1.734723475976807e-18,0.018845326377266575
C,TOOL,0,200,200,0.0,1.734723475976807e-18,0.018845326377266575
C,ERROR,0,200,200,0.0,1.734723475976807e-18,0.018845326377266575
D,T1,1,200,200,0.005,0.0008831687156009814,0.02777370439789293
D,T0,0,200,200,0.0,1.734723475976807e-18,0.018845326377266575
D,HE,1,200,200,0.005,0.0008831687156009814,0.02777370439789293
D,AR,0,200,200,0.0,1.734723475976807e-18,0.018845326377266575
D,MX,9,200,200,0.045,0.023852543001492997,0.0832967040018196
D,OT,189,200,200,0.945,0.9042130012276914,0.9690146582965411
D,V0,0,200,200,0.0,1.734723475976807e-18,0.018845326377266575
D,V1,0,200,200,0.0,1.734723475976807e-18,0.018845326377266575
D,NV,0,200,200,0.0,1.734723475976807e-18,0.018845326377266575
D,REFUSAL,0,200,200,0.0,1.734723475976807e-18,0.018845326377266575
D,SAFETY,0,200,200,0.0,1.734723475976807e-18,0.018845326377266575
D,TOOL,0,200,200,0.0,1.734723475976807e-18,0.018845326377266575
D,ERROR,0,200,200,0.0,1.734723475976807e-18,0.018845326377266575
