slot_id,cell,class,rule_present,prerequisite_matched,attempt_number,definitive_path
slot-0001,D,OT,0,0,1,raw/definitive/slot-0001.json
slot-0002,A,T1,1,1,1,raw/definitive/slot-0002.json
slot-0003,D,OT,0,0,1,raw/definitive/slot-0003.json
slot-0004,C,AR,0,1,1,raw/definitive/slot-0004.json
slot-0005,C,AR,0,1,1,raw/definitive/slot-0005.json
slot-0006,D,OT,0,0,1,raw/definitive/slot-0006.json
slot-0007,C,AR,0,1,1,raw/definitive/slot-0007.json
slot-0008,B,V0,1,0,1,raw/definitive/slot-0008.json
slot-0009,D,MX,0,0,1,raw/definitive/slot-0009.json
slot-0010,B,V0,1,0,1,raw/definitive/slot-0010.json
slot-0011,A,T1,1,1,1,raw/definitive/slot-0011.json
slot-0012,B,V0,1,0,1,raw/definitive/slot-0012.json
slot-0013,A,T1,1,1,1,raw/definitive/slot-0013.json
slot-0014,D,OT,0,0,1,raw/definitive/slot-0014.json
slot-0015,B,V0,1,0,1,raw/definitive/slot-0015.json
slot-0016,C,AR,0,1,1,raw/definitive/slot-0016.json
slot-0017,C,AR,0,1,1,raw/definitive/slot-0017.json
slot-0018,A,T1,1,1,1,raw/definitive/slot-0018.json
slot-0019,D,MX,0,0,1,raw/definitive/slot-0019.json
slot-0020,B,V0,1,0,1,raw/definitive/slot-0020.json
slot-0021,A,T1,1,1,1,raw/definitive/slot-0021.json
slot-0022,A,T1,1,1,1,raw/definitive/slot-0022.json
slot-0023,A,T1,1,1,1,raw/definitive/slot-0023.json
slot-0024,A,T1,1,1,1,raw/definitive/slot-0024.json
slot-0025,D,MX,0,0,1,raw/definitive/slot-0025.json
slot-0026,A,T1,1,1,1,raw/definitive/slot-0026.json
slot-0027,C,AR,0,1,1,raw/definitive/slot-0027.json
slot-0028,A,T1,1,1,1,raw/definitive/slot-0028.json
slot-0029,A,T1,1,1,1,raw/definitive/slot-0029.json
slot-0030,A,T1,1,1,1,raw/definitive/slot-0030.json
slot-0031,B,V0,1,0,1,raw/definitive/slot-0031.json
slot-0032,C,AR,0,1,1,raw/definitive/slot-0032.json
slot-0033,D,HE,0,0,1,raw/definitive/slot-0033.json
slot-0034,B,V0,1,0,1,raw/definitive/slot-0034.json
slot-0035,A,T1,1,1,1,raw/definitive/slot-0035.json
slot-0036,D,OT,0,0,1,raw/definitive/slot-0036.json
slot-0037,B,V0,1,0,1,raw/definitive/slot-0037.json
slot-0038,C,AR,0,1,1,raw/definitive/slot-0038.json
slot-0039,A,T1,1,1,1,raw/definitive/slot-0039.json
slot-0040,C,OT,0,1,1,raw/definitive/slot-0040.json
slot-0041,C,AR,0,1,1,raw/definitive/slot-0041.json
slot-0042,B,V0,1,0,1,raw/definitive/slot-0042.json
slot-0043,C,AR,0,1,1,raw/definitive/slot-0043.json
slot-0044,D,OT,0,0,1,raw/definitive/slot-0044.json
slot-0045,C,AR,0,1,1,raw/definitive/slot-0045.json
slot-0046,C,AR,0,1,1,raw/definitive/slot-0046.json
slot-0047,D,OT,0,0,1,raw/definitive/slot-0047.json
slot-0048,A,T1,1,1,1,raw/definitive/slot-0048.json
slot-0049,D,OT,0,0,1,raw/definitive/slot-0049.json
slot-0050,A,T1,1,1,1,raw/definitive/slot-0050.json
slot-0051,C,AR,0,1,1,raw/definitive/slot-0051.json
slot-0052,C,AR,0,1,1,raw/definitive/slot-0052.json
slot-0053,C,AR,0,1,1,raw/definitive/slot-0053.json
slot-0054,A,T1,1,1,1,raw/definitive/slot-0054.json
slot-0055,B,V0,1,0,1,raw/definitive/slot-0055.json
slot-0056,A,T1,1,1,1,raw/definitive/slot-0056.json
slot-0057,A,T1,1,1,1,raw/definitive/slot-0057.json
slot-0058,C,HE,0,1,1,raw/definitive/slot-0058.json
slot-0059,D,OT,0,0,1,raw/definitive/slot-0059.json
slot-0060,A,T1,1,1,1,raw/definitive/slot-0060.json
slot-0061,C,OT,0,1,1,raw/definitive/slot-0061.json
slot-0062,A,T1,1,1,1,raw/definitive/slot-0062.json
slot-0063,A,T1,1,1,1,raw/definitive/slot-0063.json
slot-0064,D,OT,0,0,1,raw/definitive/slot-0064.json
slot-0065,B,V0,1,0,1,raw/definitive/slot-0065.json
slot-0066,D,OT,0,0,1,raw/definitive/slot-0066.json
slot-0067,C,AR,0,1,1,raw/definitive/slot-0067.json
slot-0068,D,OT,0,0,1,raw/definitive/slot-0068.json
slot-0069,A,T1,1,1,1,raw/definitive/slot-0069.json
slot-0070,A,T1,1,1,1,raw/definitive/slot-0070.json
slot-0071,C,AR,0,1,1,raw/definitive/slot-0071.json
slot-0072,D,OT,0,0,1,raw/definitive/slot-0072.json
slot-0073,B,V0,1,0,1,raw/definitive/slot-0073.json
slot-0074,D,OT,0,0,1,raw/definitive/slot-0074.json
slot-0075,D,OT,0,0,1,raw/definitive/slot-0075.json
slot-0076,A,T1,1,1,1,raw/definitive/slot-0076.json
slot-0077,B,V0,1,0,1,raw/definitive/slot-0077.json
slot-0078,B,V0,1,0,1,raw/definitive/slot-0078.json
slot-0079,C,OT,0,1,1,raw/definitive/slot-0079.json
slot-0080,D,OT,0,0,1,raw/definitive/slot-0080.json
slot-0081,D,OT,0,0,1,raw/definitive/slot-0081.json
slot-0082,B,V0,1,0,1,raw/definitive/slot-0082.json
slot-0083,C,AR,0,1,1,raw/definitive/slot-0083.json
slot-0084,D,OT,0,0,1,raw/definitive/slot-0084.json
slot-0085,D,OT,0,0,1,raw/definitive/slot-0085.json
slot-0086,B,V0,1,0,1,raw/definitive/slot-0086.json
slot-0087,D,OT,0,0,1,raw/definitive/slot-0087.json
slot-0088,B,V0,1,0,1,raw/definitive/slot-0088.json
slot-0089,D,OT,0,0,1,raw/definitive/slot-0089.json
slot-0090,D,OT,0,0,1,raw/definitive/slot-0090.json
slot-0091,D,OT,0,0,1,raw/definitive/slot-0091.json
slot-0092,D,OT,0,0,1,raw/definitive/slot-0092.json
slot-0093,B,V0,1,0,1,raw/definitive/slot-0093.json
slot-0094,B,V0,1,0,1,raw/definitive/slot-0094.json
slot-0095,C,AR,0,1,1,raw/definitive/slot-0095.json
slot-0096,C,AR,0,1,1,raw/definitive/slot-0096.json
slot-0097,A,T1,1,1,1,raw/definitive/slot-0097.json
slot-0098,A,T1,1,1,1,raw/definitive/slot-0098.json
slot-0099,C,AR,0,1,1,raw/definitive/slot-0099.json
slot-0100,D,OT,0,0,1,raw/definitive/slot-0100.json
slot-0101,C,AR,0,1,1,raw/definitive/slot-0101.json
slot-0102,B,V0,1,0,1,raw/definitive/slot-0102.json
slot-0103,C,AR,0,1,1,raw/definitive/slot-0103.json
slot-0104,D,OT,0,0,1,raw/definitive/slot-0104.json
slot-0105,C,AR,0,1,1,raw/definitive/slot-0105.json
slot-0106,B,V0,1,0,1,raw/definitive/slot-0106.json
slot-0107,C,OT,0,1,1,raw/definitive/slot-0107.json
slot-0108,D,OT,0,0,1,raw/definitive/slot-0108.json
slot-0109,C,AR,0,1,1,raw/definitive/slot-0109.json
slot-0110,C,OT,0,1,1,raw/definitive/slot-0110.json
slot-0111,D,OT,0,0,1,raw/definitive/slot-0111.json
slot-0112,D,OT,0,0,1,raw/definitive/slot-0112.json
slot-0113,D,OT,0,0,1,raw/definitive/slot-0113.json
slot-0114,C,OT,0,1,1,raw/definitive/slot-0114.json
slot-0115,B,V0,1,0,1,raw/definitive/slot-0115.json
slot-0116,B,V0,1,0,1,raw/definitive/slot-0116.json
slot-0117,C,AR,0,1,1,raw/definitive/slot-0117.json
slot-0118,D,OT,0,0,1,raw/definitive/slot-0118.json
slot-0119,C,AR,0,1,1,raw/definitive/slot-0119.json
slot-0120,B,V0,1,0,1,raw/definitive/slot-0120.json
slot-0121,A,HE,1,1,1,raw/definitive/slot-0121.json
slot-0122,A,T1,1,1,1,raw/definitive/slot-0122.json
slot-0123,B,V0,1,0,1,raw/definitive/slot-0123.json
slot-0124,A,T1,1,1,1,raw/definitive/slot-0124.json
slot-0125,D,OT,0,0,1,raw/definitive/slot-0125.json
slot-0126,D,OT,0,0,1,raw/definitive/slot-0126.json
slot-0127,D,OT,0,0,1,raw/definitive/slot-0127.json
slot-0128,C,AR,0,1,1,raw/definitive/slot-0128.json
slot-0129,C,AR,0,1,1,raw/definitive/slot-0129.json
slot-0130,C,MX,0,1,1,raw/definitive/slot-0130.json
slot-0131,D,OT,0,0,1,raw/definitive/slot-0131.json
slot-0132,D,OT,0,0,1,raw/definitive/slot-0132.json
slot-0133,C,AR,0,1,1,raw/definitive/slot-0133.json
slot-0134,D,OT,0,0,1,raw/definitive/slot-0134.json
slot-0135,D,OT,0,0,1,raw/definitive/slot-0135.json
slot-0136,B,V0,1,0,1,raw/definitive/slot-0136.json
slot-0137,B,V0,1,0,1,raw/definitive/slot-0137.json
slot-0138,A,T1,1,1,1,raw/definitive/slot-0138.json
slot-0139,C,AR,0,1,1,raw/definitive/slot-0139.json
slot-0140,A,HE,1,1,1,raw/definitive/slot-0140.json
slot-0141,D,OT,0,0,1,raw/definitive/slot-0141.json
slot-0142,A,T1,1,1,1,raw/definitive/slot-0142.json
slot-0143,A,T1,1,1,1,raw/definitive/slot-0143.json
slot-0144,A,AR,1,1,1,raw/definitive/slot-0144.json
slot-0145,B,V0,1,0,1,raw/definitive/slot-0145.json
slot-0146,D,OT,0,0,1,raw/definitive/slot-0146.json
slot-0147,A,T1,1,1,1,raw/definitive/slot-0147.json
slot-0148,C,OT,0,1,1,raw/definitive/slot-0148.json
slot-0149,A,T1,1,1,1,raw/definitive/slot-0149.json
slot-0150,C,AR,0,1,1,raw/definitive/slot-0150.json
slot-0151,C,AR,0,1,1,raw/definitive/slot-0151.json
slot-0152,C,AR,0,1,1,raw/definitive/slot-0152.json
slot-0153,D,OT,0,0,1,raw/definitive/slot-0153.json
slot-0154,A,HE,1,1,1,raw/definitive/slot-0154.json
slot-0155,A,T1,1,1,1,raw/definitive/slot-0155.json
slot-0156,C,OT,0,1,1,raw/definitive/slot-0156.json
slot-0157,A,T1,1,1,1,raw/definitive/slot-0157.json
slot-0158,B,V0,1,0,1,raw/definitive/slot-0158.json
slot-0159,C,AR,0,1,1,raw/definitive/slot-0159.json
slot-0160,B,V0,1,0,1,raw/definitive/slot-0160.json
slot-0161,C,OT,0,1,1,raw/definitive/slot-0161.json
slot-0162,C,AR,0,1,1,raw/definitive/slot-0162.json
slot-0163,D,OT,0,0,1,raw/definitive/slot-0163.json
slot-0164,B,V0,1,0,1,raw/definitive/slot-0164.json
slot-0165,C,AR,0,1,1,raw/definitive/slot-0165.json
slot-0166,A,T1,1,1,1,raw/definitive/slot-0166.json
slot-0167,A,T1,1,1,1,raw/definitive/slot-0167.json
slot-0168,A,T1,1,1,1,raw/definitive/slot-0168.json
slot-0169,B,V0,1,0,1,raw/definitive/slot-0169.json
slot-0170,C,AR,0,1,1,raw/definitive/slot-0170.json
slot-0171,B,V0,1,0,1,raw/definitive/slot-0171.json
slot-0172,A,T1,1,1,1,raw/definitive/slot-0172.json
slot-0173,C,AR,0,1,1,raw/definitive/slot-0173.json
slot-0174,B,V0,1,0,1,raw/definitive/slot-0174.json
slot-0175,C,OT,0,1,1,raw/definitive/slot-0175.json
slot-0176,D,OT,0,0,1,raw/definitive/slot-0176.json
slot-0177,D,OT,0,0,1,raw/definitive/slot-0177.json
slot-0178,A,T1,1,1,1,raw/definitive/slot-0178.json
slot-0179,A,T1,1,1,1,raw/definitive/slot-0179.json
slot-0180,C,AR,0,1,1,raw/definitive/slot-0180.json
slot-0181,D,OT,0,0,1,raw/definitive/slot-0181.json
slot-0182,B,V0,1,0,1,raw/definitive/slot-0182.json
slot-0183,D,OT,0,0,1,raw/definitive/slot-0183.json
slot-0184,B,V0,1,0,1,raw/definitive/slot-0184.json
slot-0185,D,OT,0,0,1,raw/definitive/slot-0185.json
slot-0186,A,T1,1,1,1,raw/definitive/slot-0186.json
slot-0187,B,V0,1,0,1,raw/definitive/slot-0187.json
slot-0188,D,OT,0,0,1,raw/definitive/slot-0188.json
slot-0189,A,T1,1,1,1,raw/definitive/slot-0189.json
slot-0190,D,OT,0,0,1,raw/definitive/slot-0190.json
slot-0191,B,V0,1,0,1,raw/definitive/slot-0191.json
slot-0192,A,T1,1,1,1,raw/definitive/slot-0192.json
slot-0193,A,T1,1,1,1,raw/definitive/slot-0193.json
slot-0194,B,V0,1,0,1,raw/definitive/slot-0194.json
slot-0195,D,OT,0,0,1,raw/definitive/slot-0195.json
slot-0196,A,T1,1,1,1,raw/definitive/slot-0196.json
slot-0197,D,OT,0,0,1,raw/definitive/slot-0197.json
slot-0198,A,T1,1,1,1,raw/definitive/slot-0198.json
slot-0199,D,OT,0,0,1,raw/definitive/slot-0199.json
slot-0200,D,OT,0,0,1,raw/definitive/slot-0200.json
slot-0201,A,T1,1,1,1,raw/definitive/slot-0201.json
slot-0202,A,T1,1,1,1,raw/definitive/slot-0202.json
slot-0203,A,T1,1,1,1,raw/definitive/slot-0203.json
slot-0204,D,OT,0,0,1,raw/definitive/slot-0204.json
slot-0205,D,MX,0,0,1,raw/definitive/slot-0205.json
slot-0206,A,T1,1,1,1,raw/definitive/slot-0206.json
slot-0207,A,T1,1,1,1,raw/definitive/slot-0207.json
slot-0208,C,AR,0,1,1,raw/definitive/slot-0208.json
slot-0209,B,V0,1,0,1,raw/definitive/slot-0209.json
slot-0210,D,MX,0,0,1,raw/definitive/slot-0210.json
slot-0211,A,T1,1,1,1,raw/definitive/slot-0211.json
slot-0212,D,OT,0,0,1,raw/definitive/slot-0212.json
slot-0213,D,OT,0,0,1,raw/definitive/slot-0213.json
slot-0214,B,V0,1,0,1,raw/definitive/slot-0214.json
slot-0215,A,T1,1,1,1,raw/definitive/slot-0215.json
slot-0216,A,T1,1,1,1,raw/definitive/slot-0216.json
slot-0217,C,AR,0,1,1,raw/definitive/slot-0217.json
slot-0218,B,V0,1,0,1,raw/definitive/slot-0218.json
slot-0219,C,AR,0,1,1,raw/definitive/slot-0219.json
slot-0220,A,T1,1,1,1,raw/definitive/slot-0220.json
slot-0221,D,OT,0,0,1,raw/definitive/slot-0221.json
slot-0222,B,V0,1,0,1,raw/definitive/slot-0222.json
slot-0223,D,OT,0,0,1,raw/definitive/slot-0223.json
slot-0224,B,V0,1,0,1,raw/definitive/slot-0224.json
slot-0225,D,OT,0,0,1,raw/definitive/slot-0225.json
slot-0226,D,OT,0,0,1,raw/definitive/slot-0226.json
slot-0227,B,V0,1,0,1,raw/definitive/slot-0227.json
slot-0228,C,AR,0,1,1,raw/definitive/slot-0228.json
slot-0229,B,V0,1,0,1,raw/definitive/slot-0229.json
slot-0230,D,OT,0,0,1,raw/definitive/slot-0230.json
slot-0231,C,AR,0,1,1,raw/definitive/slot-0231.json
slot-0232,A,T1,1,1,1,raw/definitive/slot-0232.json
slot-0233,A,T1,1,1,1,raw/definitive/slot-0233.json
slot-0234,C,AR,0,1,1,raw/definitive/slot-0234.json
slot-0235,C,OT,0,1,1,raw/definitive/slot-0235.json
slot-0236,D,OT,0,0,1,raw/definitive/slot-0236.json
slot-0237,C,AR,0,1,1,raw/definitive/slot-0237.json
slot-0238,D,OT,0,0,1,raw/definitive/slot-0238.json
slot-0239,A,T1,1,1,1,raw/definitive/slot-0239.json
slot-0240,D,OT,0,0,1,raw/definitive/slot-0240.json
slot-0241,C,AR,0,1,1,raw/definitive/slot-0241.json
slot-0242,A,T1,1,1,1,raw/definitive/slot-0242.json
slot-0243,B,V0,1,0,1,raw/definitive/slot-0243.json
slot-0244,A,T1,1,1,1,raw/definitive/slot-0244.json
slot-0245,D,MX,0,0,1,raw/definitive/slot-0245.json
slot-0246,A,T1,1,1,1,raw/definitive/slot-0246.json
slot-0247,C,AR,0,1,1,raw/definitive/slot-0247.json
slot-0248,A,T1,1,1,1,raw/definitive/slot-0248.json
slot-0249,C,AR,0,1,1,raw/definitive/slot-0249.json
slot-0250,B,V0,1,0,1,raw/definitive/slot-0250.json
slot-0251,A,T1,1,1,1,raw/definitive/slot-0251.json
slot-0252,D,OT,0,0,1,raw/definitive/slot-0252.json
slot-0253,D,OT,0,0,1,raw/definitive/slot-0253.json
slot-0254,B,V0,1,0,1,raw/definitive/slot-0254.json
slot-0255,C,OT,0,1,1,raw/definitive/slot-0255.json
slot-0256,A,T1,1,1,1,raw/definitive/slot-0256.json
slot-0257,A,T1,1,1,1,raw/definitive/slot-0257.json
slot-0258,D,OT,0,0,1,raw/definitive/slot-0258.json
slot-0259,B,V0,1,0,1,raw/definitive/slot-0259.json
slot-0260,C,OT,0,1,1,raw/definitive/slot-0260.json
slot-0261,A,T1,1,1,1,raw/definitive/slot-0261.json
slot-0262,D,OT,0,0,1,raw/definitive/slot-0262.json
slot-0263,D,OT,0,0,1,raw/definitive/slot-0263.json
slot-0264,C,AR,0,1,1,raw/definitive/slot-0264.json
slot-0265,C,OT,0,1,1,raw/definitive/slot-0265.json
slot-0266,C,OT,0,1,1,raw/definitive/slot-0266.json
slot-0267,D,OT,0,0,1,raw/definitive/slot-0267.json
slot-0268,C,AR,0,1,1,raw/definitive/slot-0268.json
slot-0269,B,V0,1,0,1,raw/definitive/slot-0269.json
slot-0270,A,T1,1,1,1,raw/definitive/slot-0270.json
slot-0271,A,T1,1,1,1,raw/definitive/slot-0271.json
slot-0272,D,OT,0,0,1,raw/definitive/slot-0272.json
slot-0273,B,V0,1,0,1,raw/definitive/slot-0273.json
slot-0274,D,OT,0,0,1,raw/definitive/slot-0274.json
slot-0275,B,V0,1,0,1,raw/definitive/slot-0275.json
slot-0276,B,V0,1,0,1,raw/definitive/slot-0276.json
slot-0277,B,V0,1,0,1,raw/definitive/slot-0277.json
slot-0278,B,V0,1,0,1,raw/definitive/slot-0278.json
slot-0279,B,V0,1,0,1,raw/definitive/slot-0279.json
slot-0280,D,OT,0,0,1,raw/definitive/slot-0280.json
slot-0281,D,OT,0,0,1,raw/definitive/slot-0281.json
slot-0282,D,MX,0,0,1,raw/definitive/slot-0282.json
slot-0283,B,V0,1,0,1,raw/definitive/slot-0283.json
slot-0284,A,T1,1,1,1,raw/definitive/slot-0284.json
slot-0285,C,OT,0,1,1,raw/definitive/slot-0285.json
slot-0286,B,V0,1,0,1,raw/definitive/slot-0286.json
slot-0287,D,OT,0,0,1,raw/definitive/slot-0287.json
slot-0288,B,V0,1,0,1,raw/definitive/slot-0288.json
slot-0289,C,AR,0,1,1,raw/definitive/slot-0289.json
slot-0290,B,V0,1,0,1,raw/definitive/slot-0290.json
slot-0291,D,OT,0,0,1,raw/definitive/slot-0291.json
slot-0292,C,AR,0,1,1,raw/definitive/slot-0292.json
slot-0293,B,V0,1,0,1,raw/definitive/slot-0293.json
slot-0294,A,T1,1,1,1,raw/definitive/slot-0294.json
slot-0295,A,T1,1,1,1,raw/definitive/slot-0295.json
slot-0296,B,V0,1,0,1,raw/definitive/slot-0296.json
slot-0297,B,V0,1,0,1,raw/definitive/slot-0297.json
slot-0298,D,OT,0,0,1,raw/definitive/slot-0298.json
slot-0299,C,AR,0,1,1,raw/definitive/slot-0299.json
slot-0300,D,OT,0,0,1,raw/definitive/slot-0300.json
slot-0301,C,AR,0,1,1,raw/definitive/slot-0301.json
slot-0302,D,OT,0,0,1,raw/definitive/slot-0302.json
slot-0303,D,OT,0,0,1,raw/definitive/slot-0303.json
slot-0304,A,T1,1,1,1,raw/definitive/slot-0304.json
slot-0305,A,HE,1,1,1,raw/definitive/slot-0305.json
slot-0306,D,OT,0,0,1,raw/definitive/slot-0306.json
slot-0307,B,V0,1,0,1,raw/definitive/slot-0307.json
slot-0308,A,T1,1,1,1,raw/definitive/slot-0308.json
slot-0309,C,OT,0,1,1,raw/definitive/slot-0309.json
slot-0310,C,AR,0,1,1,raw/definitive/slot-0310.json
slot-0311,B,V0,1,0,1,raw/definitive/slot-0311.json
slot-0312,D,OT,0,0,1,raw/definitive/slot-0312.json
slot-0313,B,V0,1,0,1,raw/definitive/slot-0313.json
slot-0314,D,OT,0,0,1,raw/definitive/slot-0314.json
slot-0315,A,T1,1,1,1,raw/definitive/slot-0315.json
slot-0316,A,T1,1,1,1,raw/definitive/slot-0316.json
slot-0317,B,V0,1,0,1,raw/definitive/slot-0317.json
slot-0318,C,AR,0,1,1,raw/definitive/slot-0318.json
slot-0319,C,AR,0,1,1,raw/definitive/slot-0319.json
slot-0320,C,AR,0,1,1,raw/definitive/slot-0320.json
slot-0321,D,OT,0,0,1,raw/definitive/slot-0321.json
slot-0322,B,V0,1,0,1,raw/definitive/slot-0322.json
slot-0323,A,T1,1,1,1,raw/definitive/slot-0323.json
slot-0324,C,AR,0,1,1,raw/definitive/slot-0324.json
slot-0325,B,V0,1,0,1,raw/definitive/slot-0325.json
slot-0326,B,V0,1,0,1,raw/definitive/slot-0326.json
slot-0327,C,AR,0,1,1,raw/definitive/slot-0327.json
slot-0328,D,OT,0,0,1,raw/definitive/slot-0328.json
slot-0329,C,AR,0,1,1,raw/definitive/slot-0329.json
slot-0330,A,T1,1,1,1,raw/definitive/slot-0330.json
slot-0331,B,V0,1,0,1,raw/definitive/slot-0331.json
slot-0332,A,T1,1,1,1,raw/definitive/slot-0332.json
slot-0333,C,AR,0,1,1,raw/definitive/slot-0333.json
slot-0334,B,V0,1,0,1,raw/definitive/slot-0334.json
slot-0335,A,T1,1,1,1,raw/definitive/slot-0335.json
slot-0336,C,OT,0,1,1,raw/definitive/slot-0336.json
slot-0337,A,T1,1,1,1,raw/definitive/slot-0337.json
slot-0338,A,T1,1,1,1,raw/definitive/slot-0338.json
slot-0339,D,OT,0,0,1,raw/definitive/slot-0339.json
slot-0340,B,V0,1,0,1,raw/definitive/slot-0340.json
slot-0341,B,V0,1,0,1,raw/definitive/slot-0341.json
slot-0342,D,OT,0,0,1,raw/definitive/slot-0342.json
slot-0343,D,OT,0,0,1,raw/definitive/slot-0343.json
slot-0344,A,T1,1,1,1,raw/definitive/slot-0344.json
slot-0345,D,OT,0,0,1,raw/definitive/slot-0345.json
slot-0346,C,AR,0,1,1,raw/definitive/slot-0346.json
slot-0347,B,V0,1,0,1,raw/definitive/slot-0347.json
slot-0348,B,V0,1,0,1,raw/definitive/slot-0348.json
slot-0349,B,V0,1,0,1,raw/definitive/slot-0349.json
slot-0350,D,OT,0,0,1,raw/definitive/slot-0350.json
slot-0351,A,T1,1,1,1,raw/definitive/slot-0351.json
slot-0352,B,V0,1,0,1,raw/definitive/slot-0352.json
slot-0353,A,T1,1,1,1,raw/definitive/slot-0353.json
slot-0354,C,OT,0,1,1,raw/definitive/slot-0354.json
slot-0355,D,OT,0,0,1,raw/definitive/slot-0355.json
slot-0356,A,T1,1,1,1,raw/definitive/slot-0356.json
slot-0357,A,HE,1,1,1,raw/definitive/slot-0357.json
slot-0358,A,T1,1,1,1,raw/definitive/slot-0358.json
slot-0359,B,V0,1,0,1,raw/definitive/slot-0359.json
slot-0360,C,AR,0,1,1,raw/definitive/slot-0360.json
slot-0361,B,V0,1,0,1,raw/definitive/slot-0361.json
slot-0362,D,OT,0,0,1,raw/definitive/slot-0362.json
slot-0363,B,V0,1,0,1,raw/definitive/slot-0363.json
slot-0364,A,T1,1,1,1,raw/definitive/slot-0364.json
slot-0365,B,V0,1,0,1,raw/definitive/slot-0365.json
slot-0366,D,OT,0,0,1,raw/definitive/slot-0366.json
slot-0367,A,T1,1,1,1,raw/definitive/slot-0367.json
slot-0368,B,V0,1,0,1,raw/definitive/slot-0368.json
slot-0369,D,OT,0,0,1,raw/definitive/slot-0369.json
slot-0370,A,T1,1,1,1,raw/definitive/slot-0370.json
slot-0371,B,V0,1,0,1,raw/definitive/slot-0371.json
slot-0372,D,T1,0,0,1,raw/definitive/slot-0372.json
slot-0373,C,AR,0,1,1,raw/definitive/slot-0373.json
slot-0374,C,AR,0,1,1,raw/definitive/slot-0374.json
slot-0375,D,OT,0,0,1,raw/definitive/slot-0375.json
slot-0376,B,V0,1,0,1,raw/definitive/slot-0376.json
slot-0377,A,T1,1,1,1,raw/definitive/slot-0377.json
slot-0378,C,AR,0,1,1,raw/definitive/slot-0378.json
slot-0379,B,V0,1,0,1,raw/definitive/slot-0379.json
slot-0380,A,T1,1,1,1,raw/definitive/slot-0380.json
slot-0381,A,OT,1,1,1,raw/definitive/slot-0381.json
slot-0382,B,V0,1,0,1,raw/definitive/slot-0382.json
slot-0383,B,V0,1,0,1,raw/definitive/slot-0383.json
slot-0384,A,T1,1,1,1,raw/definitive/slot-0384.json
slot-0385,D,OT,0,0,1,raw/definitive/slot-0385.json
slot-0386,A,T1,1,1,1,raw/definitive/slot-0386.json
slot-0387,C,AR,0,1,1,raw/definitive/slot-0387.json
slot-0388,A,T1,1,1,1,raw/definitive/slot-0388.json
slot-0389,D,OT,0,0,1,raw/definitive/slot-0389.json
slot-0390,B,V0,1,0,1,raw/definitive/slot-0390.json
slot-0391,A,T1,1,1,1,raw/definitive/slot-0391.json
slot-0392,B,V0,1,0,1,raw/definitive/slot-0392.json
slot-0393,C,AR,0,1,1,raw/definitive/slot-0393.json
slot-0394,D,OT,0,0,1,raw/definitive/slot-0394.json
slot-0395,B,V0,1,0,1,raw/definitive/slot-0395.json
slot-0396,D,OT,0,0,1,raw/definitive/slot-0396.json
slot-0397,C,AR,0,1,1,raw/definitive/slot-0397.json
slot-0398,A,T1,1,1,1,raw/definitive/slot-0398.json
slot-0399,B,V0,1,0,1,raw/definitive/slot-0399.json
slot-0400,C,AR,0,1,1,raw/definitive/slot-0400.json
slot-0401,A,T1,1,1,1,raw/definitive/slot-0401.json
slot-0402,D,OT,0,0,1,raw/definitive/slot-0402.json
slot-0403,D,OT,0,0,1,raw/definitive/slot-0403.json
slot-0404,D,OT,0,0,1,raw/definitive/slot-0404.json
slot-0405,A,T1,1,1,1,raw/definitive/slot-0405.json
slot-0406,A,T1,1,1,1,raw/definitive/slot-0406.json
slot-0407,B,V0,1,0,1,raw/definitive/slot-0407.json
slot-0408,D,OT,0,0,1,raw/definitive/slot-0408.json
slot-0409,D,OT,0,0,1,raw/definitive/slot-0409.json
slot-0410,C,AR,0,1,1,raw/definitive/slot-0410.json
slot-0411,D,OT,0,0,1,raw/definitive/slot-0411.json
slot-0412,C,AR,0,1,1,raw/definitive/slot-0412.json
slot-0413,A,HE,1,1,1,raw/definitive/slot-0413.json
slot-0414,B,V0,1,0,1,raw/definitive/slot-0414.json
slot-0415,C,OT,0,1,1,raw/definitive/slot-0415.json
slot-0416,C,AR,0,1,1,raw/definitive/slot-0416.json
slot-0417,A,T1,1,1,1,raw/definitive/slot-0417.json
slot-0418,D,OT,0,0,1,raw/definitive/slot-0418.json
slot-0419,D,OT,0,0,1,raw/definitive/slot-0419.json
slot-0420,C,AR,0,1,1,raw/definitive/slot-0420.json
slot-0421,C,AR,0,1,1,raw/definitive/slot-0421.json
slot-0422,D,OT,0,0,1,raw/definitive/slot-0422.json
slot-0423,B,V0,1,0,1,raw/definitive/slot-0423.json
slot-0424,C,AR,0,1,1,raw/definitive/slot-0424.json
slot-0425,B,V0,1,0,1,raw/definitive/slot-0425.json
slot-0426,B,V0,1,0,1,raw/definitive/slot-0426.json
slot-0427,B,V0,1,0,1,raw/definitive/slot-0427.json
slot-0428,B,V0,1,0,1,raw/definitive/slot-0428.json
slot-0429,B,V0,1,0,1,raw/definitive/slot-0429.json
slot-0430,B,V0,1,0,1,raw/definitive/slot-0430.json
slot-0431,C,AR,0,1,1,raw/definitive/slot-0431.json
slot-0432,D,OT,0,0,1,raw/definitive/slot-0432.json
slot-0433,C,AR,0,1,1,raw/definitive/slot-0433.json
slot-0434,D,OT,0,0,1,raw/definitive/slot-0434.json
slot-0435,D,OT,0,0,1,raw/definitive/slot-0435.json
slot-0436,C,AR,0,1,1,raw/definitive/slot-0436.json
slot-0437,C,OT,0,1,1,raw/definitive/slot-0437.json
slot-0438,B,V0,1,0,1,raw/definitive/slot-0438.json
slot-0439,A,T1,1,1,1,raw/definitive/slot-0439.json
slot-0440,D,OT,0,0,1,raw/definitive/slot-0440.json
slot-0441,C,OT,0,1,1,raw/definitive/slot-0441.json
slot-0442,C,AR,0,1,1,raw/definitive/slot-0442.json
slot-0443,D,OT,0,0,1,raw/definitive/slot-0443.json
slot-0444,C,AR,0,1,1,raw/definitive/slot-0444.json
slot-0445,A,T1,1,1,1,raw/definitive/slot-0445.json
slot-0446,D,OT,0,0,1,raw/definitive/slot-0446.json
slot-0447,A,T1,1,1,1,raw/definitive/slot-0447.json
slot-0448,C,AR,0,1,1,raw/definitive/slot-0448.json
slot-0449,C,AR,0,1,1,raw/definitive/slot-0449.json
slot-0450,B,V0,1,0,1,raw/definitive/slot-0450.json
slot-0451,D,OT,0,0,1,raw/definitive/slot-0451.json
slot-0452,A,T1,1,1,1,raw/definitive/slot-0452.json
slot-0453,C,AR,0,1,1,raw/definitive/slot-0453.json
slot-0454,B,V0,1,0,1,raw/definitive/slot-0454.json
slot-0455,C,OT,0,1,1,raw/definitive/slot-0455.json
slot-0456,D,OT,0,0,1,raw/definitive/slot-0456.json
slot-0457,C,AR,0,1,1,raw/definitive/slot-0457.json
slot-0458,D,OT,0,0,1,raw/definitive/slot-0458.json
slot-0459,B,V0,1,0,1,raw/definitive/slot-0459.json
slot-0460,A,T1,1,1,1,raw/definitive/slot-0460.json
slot-0461,D,OT,0,0,1,raw/definitive/slot-0461.json
slot-0462,B,V0,1,0,1,raw/definitive/slot-0462.json
slot-0463,D,OT,0,0,1,raw/definitive/slot-0463.json
slot-0464,B,V0,1,0,1,raw/definitive/slot-0464.json
slot-0465,B,V0,1,0,1,raw/definitive/slot-0465.json
slot-0466,B,V0,1,0,1,raw/definitive/slot-0466.json
slot-0467,D,OT,0,0,1,raw/definitive/slot-0467.json
slot-0468,A,T1,1,1,1,raw/definitive/slot-0468.json
slot-0469,D,OT,0,0,1,raw/definitive/slot-0469.json
slot-0470,A,T1,1,1,1,raw/definitive/slot-0470.json
slot-0471,D,OT,0,0,1,raw/definitive/slot-0471.json
slot-0472,C,AR,0,1,1,raw/definitive/slot-0472.json
slot-0473,C,OT,0,1,1,raw/definitive/slot-0473.json
slot-0474,A,T1,1,1,1,raw/definitive/slot-0474.json
slot-0475,B,V0,1,0,1,raw/definitive/slot-0475.json
slot-0476,C,AR,0,1,1,raw/definitive/slot-0476.json
slot-0477,B,V0,1,0,1,raw/definitive/slot-0477.json
slot-0478,C,AR,0,1,1,raw/definitive/slot-0478.json
slot-0479,C,AR,0,1,1,raw/definitive/slot-0479.json
slot-0480,B,V0,1,0,1,raw/definitive/slot-0480.json
slot-0481,C,AR,0,1,1,raw/definitive/slot-0481.json
slot-0482,D,OT,0,0,1,raw/definitive/slot-0482.json
slot-0483,D,OT,0,0,1,raw/definitive/slot-0483.json
slot-0484,C,AR,0,1,1,raw/definitive/slot-0484.json
slot-0485,A,T1,1,1,1,raw/definitive/slot-0485.json
slot-0486,A,T1,1,1,1,raw/definitive/slot-0486.json
slot-0487,C,AR,0,1,1,raw/definitive/slot-0487.json
slot-0488,A,T1,1,1,1,raw/definitive/slot-0488.json
slot-0489,D,OT,0,0,1,raw/definitive/slot-0489.json
slot-0490,B,V0,1,0,1,raw/definitive/slot-0490.json
slot-0491,A,T1,1,1,1,raw/definitive/slot-0491.json
slot-0492,D,OT,0,0,1,raw/definitive/slot-0492.json
slot-0493,A,T1,1,1,1,raw/definitive/slot-0493.json
slot-0494,B,V0,1,0,1,raw/definitive/slot-0494.json
slot-0495,A,T1,1,1,1,raw/definitive/slot-0495.json
slot-0496,C,AR,0,1,1,raw/definitive/slot-0496.json
slot-0497,D,OT,0,0,1,raw/definitive/slot-0497.json
slot-0498,C,OT,0,1,1,raw/definitive/slot-0498.json
slot-0499,D,OT,0,0,1,raw/definitive/slot-0499.json
slot-0500,C,AR,0,1,1,raw/definitive/slot-0500.json
slot-0501,B,V0,1,0,1,raw/definitive/slot-0501.json
slot-0502,C,AR,0,1,1,raw/definitive/slot-0502.json
slot-0503,B,V0,1,0,1,raw/definitive/slot-0503.json
slot-0504,A,T1,1,1,1,raw/definitive/slot-0504.json
slot-0505,C,AR,0,1,1,raw/definitive/slot-0505.json
slot-0506,B,V0,1,0,1,raw/definitive/slot-0506.json
slot-0507,A,T1,1,1,1,raw/definitive/slot-0507.json
slot-0508,B,V0,1,0,1,raw/definitive/slot-0508.json
slot-0509,B,V0,1,0,1,raw/definitive/slot-0509.json
slot-0510,A,T1,1,1,1,raw/definitive/slot-0510.json
slot-0511,C,AR,0,1,1,raw/definitive/slot-0511.json
slot-0512,B,V0,1,0,1,raw/definitive/slot-0512.json
slot-0513,A,T1,1,1,1,raw/definitive/slot-0513.json
slot-0514,D,OT,0,0,1,raw/definitive/slot-0514.json
slot-0515,C,AR,0,1,1,raw/definitive/slot-0515.json
slot-0516,D,OT,0,0,1,raw/definitive/slot-0516.json
slot-0517,D,OT,0,0,1,raw/definitive/slot-0517.json
slot-0518,B,V0,1,0,1,raw/definitive/slot-0518.json
slot-0519,C,OT,0,1,1,raw/definitive/slot-0519.json
slot-0520,D,OT,0,0,1,raw/definitive/slot-0520.json
slot-0521,D,OT,0,0,1,raw/definitive/slot-0521.json
slot-0522,B,V0,1,0,1,raw/definitive/slot-0522.json
slot-0523,A,T1,1,1,1,raw/definitive/slot-0523.json
slot-0524,B,V0,1,0,1,raw/definitive/slot-0524.json
slot-0525,A,AR,1,1,1,raw/definitive/slot-0525.json
slot-0526,C,AR,0,1,1,raw/definitive/slot-0526.json
slot-0527,B,V0,1,0,1,raw/definitive/slot-0527.json
slot-0528,A,T1,1,1,1,raw/definitive/slot-0528.json
slot-0529,A,T1,1,1,1,raw/definitive/slot-0529.json
slot-0530,D,OT,0,0,1,raw/definitive/slot-0530.json
slot-0531,B,V0,1,0,1,raw/definitive/slot-0531.json
slot-0532,A,T1,1,1,1,raw/definitive/slot-0532.json
slot-0533,B,V0,1,0,1,raw/definitive/slot-0533.json
slot-0534,D,OT,0,0,1,raw/definitive/slot-0534.json
slot-0535,B,V0,1,0,1,raw/definitive/slot-0535.json
slot-0536,A,T1,1,1,1,raw/definitive/slot-0536.json
slot-0537,C,AR,0,1,1,raw/definitive/slot-0537.json
slot-0538,D,OT,0,0,1,raw/definitive/slot-0538.json
slot-0539,D,OT,0,0,1,raw/definitive/slot-0539.json
slot-0540,A,T1,1,1,1,raw/definitive/slot-0540.json
slot-0541,A,T1,1,1,1,raw/definitive/slot-0541.json
slot-0542,A,T1,1,1,1,raw/definitive/slot-0542.json
slot-0543,A,T1,1,1,1,raw/definitive/slot-0543.json
slot-0544,C,AR,0,1,1,raw/definitive/slot-0544.json
slot-0545,D,OT,0,0,1,raw/definitive/slot-0545.json
slot-0546,C,AR,0,1,1,raw/definitive/slot-0546.json
slot-0547,D,OT,0,0,1,raw/definitive/slot-0547.json
slot-0548,C,OT,0,1,1,raw/definitive/slot-0548.json
slot-0549,D,MX,0,0,1,raw/definitive/slot-0549.json
slot-0550,D,OT,0,0,1,raw/definitive/slot-0550.json
slot-0551,C,AR,0,1,1,raw/definitive/slot-0551.json
slot-0552,D,OT,0,0,1,raw/definitive/slot-0552.json
slot-0553,B,V0,1,0,1,raw/definitive/slot-0553.json
slot-0554,D,OT,0,0,1,raw/definitive/slot-0554.json
slot-0555,C,OT,0,1,1,raw/definitive/slot-0555.json
slot-0556,D,OT,0,0,1,raw/definitive/slot-0556.json
slot-0557,A,T1,1,1,1,raw/definitive/slot-0557.json
slot-0558,D,OT,0,0,1,raw/definitive/slot-0558.json
slot-0559,D,OT,0,0,1,raw/definitive/slot-0559.json
slot-0560,A,T1,1,1,1,raw/definitive/slot-0560.json
slot-0561,A,T1,1,1,1,raw/definitive/slot-0561.json
slot-0562,B,V0,1,0,1,raw/definitive/slot-0562.json
slot-0563,A,T1,1,1,1,raw/definitive/slot-0563.json
slot-0564,B,V0,1,0,1,raw/definitive/slot-0564.json
slot-0565,B,V0,1,0,1,raw/definitive/slot-0565.json
slot-0566,B,V0,1,0,1,raw/definitive/slot-0566.json
slot-0567,B,V0,1,0,1,raw/definitive/slot-0567.json
slot-0568,A,T1,1,1,1,raw/definitive/slot-0568.json
slot-0569,B,V0,1,0,1,raw/definitive/slot-0569.json
slot-0570,C,AR,0,1,1,raw/definitive/slot-0570.json
slot-0571,A,T1,1,1,1,raw/definitive/slot-0571.json
slot-0572,B,V0,1,0,1,raw/definitive/slot-0572.json
slot-0573,C,AR,0,1,1,raw/definitive/slot-0573.json
slot-0574,A,T1,1,1,1,raw/definitive/slot-0574.json
slot-0575,B,V0,1,0,1,raw/definitive/slot-0575.json
slot-0576,A,T1,1,1,1,raw/definitive/slot-0576.json
slot-0577,C,AR,0,1,1,raw/definitive/slot-0577.json
slot-0578,A,T1,1,1,1,raw/definitive/slot-0578.json
slot-0579,B,V0,1,0,1,raw/definitive/slot-0579.json
slot-0580,B,V0,1,0,1,raw/definitive/slot-0580.json
slot-0581,D,OT,0,0,1,raw/definitive/slot-0581.json
slot-0582,B,V0,1,0,1,raw/definitive/slot-0582.json
slot-0583,C,AR,0,1,1,raw/definitive/slot-0583.json
slot-0584,A,T1,1,1,1,raw/definitive/slot-0584.json
slot-0585,B,V0,1,0,1,raw/definitive/slot-0585.json
slot-0586,B,V0,1,0,1,raw/definitive/slot-0586.json
slot-0587,C,AR,0,1,1,raw/definitive/slot-0587.json
slot-0588,B,V0,1,0,1,raw/definitive/slot-0588.json
slot-0589,C,AR,0,1,1,raw/definitive/slot-0589.json
slot-0590,D,OT,0,0,1,raw/definitive/slot-0590.json
slot-0591,C,OT,0,1,1,raw/definitive/slot-0591.json
slot-0592,C,AR,0,1,1,raw/definitive/slot-0592.json
slot-0593,A,T1,1,1,1,raw/definitive/slot-0593.json
slot-0594,B,V0,1,0,1,raw/definitive/slot-0594.json
slot-0595,D,OT,0,0,1,raw/definitive/slot-0595.json
slot-0596,A,T1,1,1,1,raw/definitive/slot-0596.json
slot-0597,D,OT,0,0,1,raw/definitive/slot-0597.json
slot-0598,D,OT,0,0,1,raw/definitive/slot-0598.json
slot-0599,B,V0,1,0,1,raw/definitive/slot-0599.json
slot-0600,C,OT,0,1,1,raw/definitive/slot-0600.json
slot-0601,B,V0,1,0,1,raw/definitive/slot-0601.json
slot-0602,A,T1,1,1,1,raw/definitive/slot-0602.json
slot-0603,D,OT,0,0,1,raw/definitive/slot-0603.json
slot-0604,C,OT,0,1,1,raw/definitive/slot-0604.json
slot-0605,C,AR,0,1,1,raw/definitive/slot-0605.json
slot-0606,D,OT,0,0,1,raw/definitive/slot-0606.json
slot-0607,B,V0,1,0,1,raw/definitive/slot-0607.json
slot-0608,D,OT,0,0,1,raw/definitive/slot-0608.json
slot-0609,C,OT,0,1,1,raw/definitive/slot-0609.json
slot-0610,B,V0,1,0,1,raw/definitive/slot-0610.json
slot-0611,B,V0,1,0,1,raw/definitive/slot-0611.json
slot-0612,A,T1,1,1,1,raw/definitive/slot-0612.json
slot-0613,C,OT,0,1,1,raw/definitive/slot-0613.json
slot-0614,D,OT,0,0,1,raw/definitive/slot-0614.json
slot-0615,C,AR,0,1,1,raw/definitive/slot-0615.json
slot-0616,D,OT,0,0,1,raw/definitive/slot-0616.json
slot-0617,B,V0,1,0,1,raw/definitive/slot-0617.json
slot-0618,C,OT,0,1,1,raw/definitive/slot-0618.json
slot-0619,A,T1,1,1,1,raw/definitive/slot-0619.json
slot-0620,C,AR,0,1,1,raw/definitive/slot-0620.json
slot-0621,B,V0,1,0,1,raw/definitive/slot-0621.json
slot-0622,B,V0,1,0,1,raw/definitive/slot-0622.json
slot-0623,B,V0,1,0,1,raw/definitive/slot-0623.json
slot-0624,C,AR,0,1,1,raw/definitive/slot-0624.json
slot-0625,D,OT,0,0,1,raw/definitive/slot-0625.json
slot-0626,C,AR,0,1,1,raw/definitive/slot-0626.json
slot-0627,B,V0,1,0,1,raw/definitive/slot-0627.json
slot-0628,C,AR,0,1,1,raw/definitive/slot-0628.json
slot-0629,C,AR,0,1,1,raw/definitive/slot-0629.json
slot-0630,B,V0,1,0,1,raw/definitive/slot-0630.json
slot-0631,A,T1,1,1,1,raw/definitive/slot-0631.json
slot-0632,A,T1,1,1,1,raw/definitive/slot-0632.json
slot-0633,A,T1,1,1,1,raw/definitive/slot-0633.json
slot-0634,B,V0,1,0,1,raw/definitive/slot-0634.json
slot-0635,D,OT,0,0,1,raw/definitive/slot-0635.json
slot-0636,C,AR,0,1,1,raw/definitive/slot-0636.json
slot-0637,C,AR,0,1,1,raw/definitive/slot-0637.json
slot-0638,C,AR,0,1,1,raw/definitive/slot-0638.json
slot-0639,D,OT,0,0,1,raw/definitive/slot-0639.json
slot-0640,A,T1,1,1,1,raw/definitive/slot-0640.json
slot-0641,B,V0,1,0,1,raw/definitive/slot-0641.json
slot-0642,B,V0,1,0,1,raw/definitive/slot-0642.json
slot-0643,B,V0,1,0,1,raw/definitive/slot-0643.json
slot-0644,B,V0,1,0,1,raw/definitive/slot-0644.json
slot-0645,B,V0,1,0,1,raw/definitive/slot-0645.json
slot-0646,A,T1,1,1,1,raw/definitive/slot-0646.json
slot-0647,B,V0,1,0,1,raw/definitive/slot-0647.json
slot-0648,A,T1,1,1,1,raw/definitive/slot-0648.json
slot-0649,A,T1,1,1,1,raw/definitive/slot-0649.json
slot-0650,A,T1,1,1,1,raw/definitive/slot-0650.json
slot-0651,B,V0,1,0,1,raw/definitive/slot-0651.json
slot-0652,D,OT,0,0,1,raw/definitive/slot-0652.json
slot-0653,B,V0,1,0,1,raw/definitive/slot-0653.json
slot-0654,B,V0,1,0,1,raw/definitive/slot-0654.json
slot-0655,D,OT,0,0,1,raw/definitive/slot-0655.json
slot-0656,A,T1,1,1,1,raw/definitive/slot-0656.json
slot-0657,C,AR,0,1,1,raw/definitive/slot-0657.json
slot-0658,C,AR,0,1,1,raw/definitive/slot-0658.json
slot-0659,D,OT,0,0,1,raw/definitive/slot-0659.json
slot-0660,C,AR,0,1,1,raw/definitive/slot-0660.json
slot-0661,D,OT,0,0,1,raw/definitive/slot-0661.json
slot-0662,B,V0,1,0,1,raw/definitive/slot-0662.json
slot-0663,C,AR,0,1,1,raw/definitive/slot-0663.json
slot-0664,D,OT,0,0,1,raw/definitive/slot-0664.json
slot-0665,C,AR,0,1,1,raw/definitive/slot-0665.json
slot-0666,C,OT,0,1,1,raw/definitive/slot-0666.json
slot-0667,D,OT,0,0,1,raw/definitive/slot-0667.json
slot-0668,D,OT,0,0,1,raw/definitive/slot-0668.json
slot-0669,B,V0,1,0,1,raw/definitive/slot-0669.json
slot-0670,C,OT,0,1,1,raw/definitive/slot-0670.json
slot-0671,A,T1,1,1,1,raw/definitive/slot-0671.json
slot-0672,A,T1,1,1,1,raw/definitive/slot-0672.json
slot-0673,B,V0,1,0,1,raw/definitive/slot-0673.json
slot-0674,C,OT,0,1,1,raw/definitive/slot-0674.json
slot-0675,D,OT,0,0,1,raw/definitive/slot-0675.json
slot-0676,A,HE,1,1,1,raw/definitive/slot-0676.json
slot-0677,C,AR,0,1,1,raw/definitive/slot-0677.json
slot-0678,A,T1,1,1,1,raw/definitive/slot-0678.json
slot-0679,A,HE,1,1,1,raw/definitive/slot-0679.json
slot-0680,B,V0,1,0,1,raw/definitive/slot-0680.json
slot-0681,A,T1,1,1,1,raw/definitive/slot-0681.json
slot-0682,D,MX,0,0,1,raw/definitive/slot-0682.json
slot-0683,D,OT,0,0,1,raw/definitive/slot-0683.json
slot-0684,D,OT,0,0,1,raw/definitive/slot-0684.json
slot-0685,D,OT,0,0,1,raw/definitive/slot-0685.json
slot-0686,C,AR,0,1,1,raw/definitive/slot-0686.json
slot-0687,B,V0,1,0,1,raw/definitive/slot-0687.json
slot-0688,C,AR,0,1,1,raw/definitive/slot-0688.json
slot-0689,B,V0,1,0,1,raw/definitive/slot-0689.json
slot-0690,B,V0,1,0,1,raw/definitive/slot-0690.json
slot-0691,A,T1,1,1,1,raw/definitive/slot-0691.json
slot-0692,B,V0,1,0,1,raw/definitive/slot-0692.json
slot-0693,C,AR,0,1,1,raw/definitive/slot-0693.json
slot-0694,B,V0,1,0,1,raw/definitive/slot-0694.json
slot-0695,C,AR,0,1,1,raw/definitive/slot-0695.json
slot-0696,C,AR,0,1,1,raw/definitive/slot-0696.json
slot-0697,B,V0,1,0,1,raw/definitive/slot-0697.json
slot-0698,C,OT,0,1,1,raw/definitive/slot-0698.json
slot-0699,B,V0,1,0,1,raw/definitive/slot-0699.json
slot-0700,C,AR,0,1,1,raw/definitive/slot-0700.json
slot-0701,C,AR,0,1,1,raw/definitive/slot-0701.json
slot-0702,A,T1,1,1,1,raw/definitive/slot-0702.json
slot-0703,C,AR,0,1,1,raw/definitive/slot-0703.json
slot-0704,C,AR,0,1,1,raw/definitive/slot-0704.json
slot-0705,A,T1,1,1,1,raw/definitive/slot-0705.json
slot-0706,A,T1,1,1,1,raw/definitive/slot-0706.json
slot-0707,D,OT,0,0,1,raw/definitive/slot-0707.json
slot-0708,A,T1,1,1,1,raw/definitive/slot-0708.json
slot-0709,C,AR,0,1,1,raw/definitive/slot-0709.json
slot-0710,A,HE,1,1,1,raw/definitive/slot-0710.json
slot-0711,B,V0,1,0,1,raw/definitive/slot-0711.json
slot-0712,A,T1,1,1,1,raw/definitive/slot-0712.json
slot-0713,A,T1,1,1,1,raw/definitive/slot-0713.json
slot-0714,B,V0,1,0,1,raw/definitive/slot-0714.json
slot-0715,A,T1,1,1,1,raw/definitive/slot-0715.json
slot-0716,D,OT,0,0,1,raw/definitive/slot-0716.json
slot-0717,C,AR,0,1,1,raw/definitive/slot-0717.json
slot-0718,D,OT,0,0,1,raw/definitive/slot-0718.json
slot-0719,A,T1,1,1,1,raw/definitive/slot-0719.json
slot-0720,C,OT,0,1,1,raw/definitive/slot-0720.json
slot-0721,D,OT,0,0,1,raw/definitive/slot-0721.json
slot-0722,A,T1,1,1,1,raw/definitive/slot-0722.json
slot-0723,A,T1,1,1,1,raw/definitive/slot-0723.json
slot-0724,C,OT,0,1,1,raw/definitive/slot-0724.json
slot-0725,C,OT,0,1,1,raw/definitive/slot-0725.json
slot-0726,C,OT,0,1,1,raw/definitive/slot-0726.json
slot-0727,A,T1,1,1,1,raw/definitive/slot-0727.json
slot-0728,D,OT,0,0,1,raw/definitive/slot-0728.json
slot-0729,D,OT,0,0,1,raw/definitive/slot-0729.json
slot-0730,D,OT,0,0,1,raw/definitive/slot-0730.json
slot-0731,B,V0,1,0,1,raw/definitive/slot-0731.json
slot-0732,D,OT,0,0,1,raw/definitive/slot-0732.json
slot-0733,A,T1,1,1,1,raw/definitive/slot-0733.json
slot-0734,C,OT,0,1,1,raw/definitive/slot-0734.json
slot-0735,B,V0,1,0,1,raw/definitive/slot-0735.json
slot-0736,A,T1,1,1,1,raw/definitive/slot-0736.json
slot-0737,C,AR,0,1,1,raw/definitive/slot-0737.json
slot-0738,D,OT,0,0,1,raw/definitive/slot-0738.json
slot-0739,B,V0,1,0,1,raw/definitive/slot-0739.json
slot-0740,D,OT,0,0,1,raw/definitive/slot-0740.json
slot-0741,D,OT,0,0,1,raw/definitive/slot-0741.json
slot-0742,A,T1,1,1,1,raw/definitive/slot-0742.json
slot-0743,C,AR,0,1,1,raw/definitive/slot-0743.json
slot-0744,B,V0,1,0,1,raw/definitive/slot-0744.json
slot-0745,B,V0,1,0,1,raw/definitive/slot-0745.json
slot-0746,B,V0,1,0,1,raw/definitive/slot-0746.json
slot-0747,A,HE,1,1,1,raw/definitive/slot-0747.json
slot-0748,B,V0,1,0,1,raw/definitive/slot-0748.json
slot-0749,A,T1,1,1,1,raw/definitive/slot-0749.json
slot-0750,A,T1,1,1,1,raw/definitive/slot-0750.json
slot-0751,B,V0,1,0,1,raw/definitive/slot-0751.json
slot-0752,A,T1,1,1,1,raw/definitive/slot-0752.json
slot-0753,C,AR,0,1,1,raw/definitive/slot-0753.json
slot-0754,D,OT,0,0,1,raw/definitive/slot-0754.json
slot-0755,A,AR,1,1,1,raw/definitive/slot-0755.json
slot-0756,C,AR,0,1,1,raw/definitive/slot-0756.json
slot-0757,D,OT,0,0,1,raw/definitive/slot-0757.json
slot-0758,D,OT,0,0,1,raw/definitive/slot-0758.json
slot-0759,D,OT,0,0,1,raw/definitive/slot-0759.json
slot-0760,B,V0,1,0,1,raw/definitive/slot-0760.json
slot-0761,C,AR,0,1,1,raw/definitive/slot-0761.json
slot-0762,B,V0,1,0,1,raw/definitive/slot-0762.json
slot-0763,A,OT,1,1,1,raw/definitive/slot-0763.json
slot-0764,A,T1,1,1,1,raw/definitive/slot-0764.json
slot-0765,B,V0,1,0,1,raw/definitive/slot-0765.json
slot-0766,B,V0,1,0,1,raw/definitive/slot-0766.json
slot-0767,A,T1,1,1,1,raw/definitive/slot-0767.json
slot-0768,C,AR,0,1,1,raw/definitive/slot-0768.json
slot-0769,C,OT,0,1,1,raw/definitive/slot-0769.json
slot-0770,B,V0,1,0,1,raw/definitive/slot-0770.json
slot-0771,A,T1,1,1,1,raw/definitive/slot-0771.json
slot-0772,B,V0,1,0,1,raw/definitive/slot-0772.json
slot-0773,A,T1,1,1,1,raw/definitive/slot-0773.json
slot-0774,A,T1,1,1,1,raw/definitive/slot-0774.json
slot-0775,C,AR,0,1,1,raw/definitive/slot-0775.json
slot-0776,A,T1,1,1,1,raw/definitive/slot-0776.json
slot-0777,B,V0,1,0,1,raw/definitive/slot-0777.json
slot-0778,C,OT,0,1,1,raw/definitive/slot-0778.json
slot-0779,D,OT,0,0,1,raw/definitive/slot-0779.json
slot-0780,B,V0,1,0,1,raw/definitive/slot-0780.json
slot-0781,D,OT,0,0,1,raw/definitive/slot-0781.json
slot-0782,B,V0,1,0,1,raw/definitive/slot-0782.json
slot-0783,B,V0,1,0,1,raw/definitive/slot-0783.json
slot-0784,D,OT,0,0,1,raw/definitive/slot-0784.json
slot-0785,D,OT,0,0,1,raw/definitive/slot-0785.json
slot-0786,A,T1,1,1,1,raw/definitive/slot-0786.json
slot-0787,C,AR,0,1,1,raw/definitive/slot-0787.json
slot-0788,C,AR,0,1,1,raw/definitive/slot-0788.json
slot-0789,B,V0,1,0,1,raw/definitive/slot-0789.json
slot-0790,A,T1,1,1,1,raw/definitive/slot-0790.json
slot-0791,B,V0,1,0,1,raw/definitive/slot-0791.json
slot-0792,A,T1,1,1,1,raw/definitive/slot-0792.json
slot-0793,C,OT,0,1,1,raw/definitive/slot-0793.json
slot-0794,C,AR,0,1,1,raw/definitive/slot-0794.json
slot-0795,C,OT,0,1,1,raw/definitive/slot-0795.json
slot-0796,A,T1,1,1,1,raw/definitive/slot-0796.json
slot-0797,B,V0,1,0,1,raw/definitive/slot-0797.json
slot-0798,D,OT,0,0,1,raw/definitive/slot-0798.json
slot-0799,C,OT,0,1,1,raw/definitive/slot-0799.json
slot-0800,B,V0,1,0,1,raw/definitive/slot-0800.json
